{"cameraMode":{"drawMode":0,"name":"Shaded","section":"Shading Mode"},"sceneLighting":true,"audioPlay":false,"sceneViewState":{"m_AlwaysRefresh":false,"showFog":true,"showSkybox":true,"showFlares":true,"showImageEffects":true,"showParticleSystems":true,"showVisualEffectGraphs":true,"m_FxEnabled":true},"in2DMode":false,"pivot":{"x":8.852778434753418,"y":-0.16666992008686067,"z":12.985238075256348},"rotation":{"x":0.3766343891620636,"y":-0.30261752009391787,"z":0.13165508210659028,"w":0.8656027913093567},"size":27.44524574279785,"orthographic":false}